tick,Hembras,Machos
tick,Hembras,Machos
0,8,2
1,8,2
2,8,2
3,8,2
4,8,2
5,8,2
6,7,2
7,6,1
8,6,1
9,5,1
10,5,1
11,4,1
12,4,1
13,4,1
14,3,1
15,3,1
16,3,1
17,3,1
18,3,1
19,2,1
20,2,1
21,2,1
22,3,5
23,3,10
24,3,14
25,4,17
26,4,20
27,3,25
28,4,28
29,5,30
30,6,32
31,7,31
32,7,33
33,6,35
34,6,36
35,7,36
36,7,36
37,7,35
38,7,34
39,7,34
40,8,34
41,8,33
42,7,33
43,7,34
44,7,36
45,7,36
46,7,36
47,7,36
48,7,37
49,7,40
50,7,43
51,7,44
52,7,50
53,6,52
54,6,52
55,6,51
56,5,54
57,5,57
58,5,60
59,5,60
60,5,62
61,6,62
62,6,66
63,7,68
64,7,74
65,7,75
66,5,78
67,6,79
68,6,84
69,6,85
70,7,87
71,7,90
72,8,88
73,7,91
74,7,95
75,7,94
76,8,94
77,8,95
78,8,96
79,7,95
80,7,99
81,9,100
82,9,100
83,9,102
84,9,102
85,9,103
86,9,102
87,9,102
88,9,102
89,9,102
90,9,101
91,9,99
92,9,102
93,11,105
94,13,104
95,13,104
96,13,107
97,14,110
98,15,113
99,15,114
100,16,114
101,17,118
102,17,118
103,17,120
104,18,124
105,19,122
106,19,116
107,21,119
108,21,122
109,20,125
110,19,128
111,19,129
112,18,133
113,18,133
114,19,137
115,20,139
116,20,144
117,20,149
118,21,149
119,21,154
120,21,154
121,22,153
122,22,154
123,22,150
124,21,152
125,20,145
126,19,146
127,19,144
128,18,144
129,18,142
130,18,135
131,18,137
132,17,136
133,18,135
134,18,131
135,18,129
136,18,129
137,18,130
138,19,125
139,19,122
140,19,119
141,19,118
142,19,117
143,19,116
144,19,116
145,18,116
146,17,113
147,17,113
148,17,114
149,16,118
150,16,117
151,16,117
152,16,116
153,17,114
154,17,113
155,16,112
156,16,112
157,16,109
158,14,109
159,15,111
160,17,105
161,17,106
162,17,105
163,19,104
164,20,102
165,19,103
166,19,103
167,17,103
168,16,102
169,16,99
170,16,98
171,16,99
172,16,99
173,16,101
174,15,100
175,15,98
176,15,98
177,15,103
178,15,104
179,15,104
180,15,102
181,14,99
182,14,98
183,14,99
184,14,100
185,15,98
186,15,98
187,15,99
188,15,98
189,16,98
190,16,96
191,15,95
192,15,95
193,15,97
194,14,96
195,13,95
196,13,94
197,12,87
198,12,85
199,12,85
200,12,85
201,11,84
202,10,85
203,10,84
204,10,82
205,10,83
206,10,81
207,10,83
208,10,82
209,10,82
210,10,81
211,10,84
212,10,83
213,10,85
214,13,83
215,13,83
216,14,86
217,13,84
218,13,84
219,11,86
220,10,86
221,10,83
222,9,79
223,9,77
224,8,76
225,8,79
226,8,80
227,8,80
228,8,79
229,8,79
230,8,81
231,8,83
232,8,80
233,8,82
234,8,80
235,8,80
236,8,79
237,8,79
238,8,79
239,8,79
240,8,78
241,8,76
242,8,75
243,6,76
244,6,77
245,6,74
246,6,75
247,6,75
248,6,74
249,5,74
250,5,74
251,5,76
252,5,77
253,5,77
254,5,74
255,4,71
256,4,70
257,4,70
258,4,69
259,4,68
260,4,69
261,4,68
262,4,67
263,5,67
264,4,67
265,4,65
266,4,65
267,4,67
268,4,66
269,4,63
270,4,63
271,4,62
272,4,60
273,4,58
274,4,58
275,3,58
276,3,57
277,3,57
278,2,57
279,2,56
280,2,55
281,2,55
282,3,55
283,3,55
284,3,56
285,3,54
286,2,54
287,3,52
288,3,50
289,3,50
290,3,50
291,3,51
292,3,51
293,4,50
294,4,50
295,4,49
296,4,47
297,4,45
298,4,44
299,4,43
300,4,43
301,4,43
302,4,39
303,4,38
304,4,37
305,4,37
306,4,36
307,4,34
308,4,35
309,3,34
310,3,33
311,3,31
312,3,31
313,3,31
314,3,30
315,3,27
316,3,28
317,3,27
318,3,27
319,3,27
320,3,26
321,3,25
322,3,25
323,3,25
324,3,25
325,3,25
326,3,25
327,3,26
328,3,25
329,3,23
330,3,24
331,3,24
332,2,22
333,2,22
334,2,22
335,2,22
336,2,21
337,2,22
338,2,22
339,2,22
340,2,22
341,2,21
342,2,19
343,2,18
344,3,18
345,3,18
346,3,17
347,3,17
348,3,16
349,3,16
350,3,16
351,3,16
352,3,15
353,3,15
354,3,15
355,3,16
356,3,16
357,3,15
358,3,15
359,3,16
360,3,15
361,4,14
362,4,13
363,4,13
364,4,14
365,4,14
366,4,13
367,4,12
368,4,12
369,3,12
370,3,12
371,3,12
372,4,12
373,4,12
374,4,12
375,4,12
376,4,12
377,4,13
378,3,12
379,3,12
380,3,13
381,3,14
382,3,13
383,3,14
384,3,13
385,3,15
386,3,16
387,3,16
388,3,16
389,3,16
390,4,17
391,4,16
392,3,16
393,2,16
394,2,16
395,2,16
396,2,16
397,2,16
398,2,16
399,2,14
400,2,14
401,2,14
402,2,14
403,2,14
404,2,14
405,2,13
406,2,13
407,2,13
408,2,12
409,1,10
410,0,9
411,0,9
412,0,9
413,0,9
414,0,9
415,0,10
416,0,10
417,0,11
418,0,11
419,0,12
420,0,12
421,0,13
422,0,13
423,0,13
424,0,12
425,0,10
426,0,10
tick,Hembras,Machos
0,5,5
1,5,5
2,5,5
3,5,5
4,4,5
5,4,5
6,4,4
7,4,4
8,4,4
9,4,4
10,4,4
11,4,4
12,4,4
13,4,4
14,4,4
15,4,4
16,4,4
17,4,4
18,4,4
19,4,3
20,4,3
21,4,3
22,3,4
23,4,7
24,4,11
25,4,13
26,5,15
27,6,15
28,7,17
29,7,19
30,7,21
31,7,20
32,8,21
33,9,22
34,8,23
35,8,26
36,8,27
37,8,30
38,8,31
39,7,33
40,7,34
41,7,36
42,7,38
43,7,38
44,9,38
45,10,40
46,11,41
47,11,44
48,12,45
49,11,47
50,11,51
51,12,51
52,13,53
53,13,56
54,14,59
55,15,59
56,15,62
57,14,65
58,14,66
59,13,70
60,13,68
61,13,71
62,12,76
63,13,79
64,12,81
65,13,85
66,13,86
67,14,91
68,14,94
69,15,93
70,16,96
71,14,98
72,14,97
73,15,102
74,15,107
75,13,112
76,15,116
77,16,115
78,18,119
79,19,119
80,19,121
81,19,130
82,20,132
83,17,137
84,17,138
85,17,141
86,18,148
87,20,144
88,21,146
89,21,146
90,21,147
91,22,152
92,22,154
93,21,158
94,20,161
95,20,164
96,20,167
97,20,160
98,22,161
99,23,164
100,25,171
101,26,171
102,27,180
103,27,185
104,27,188
105,27,191
106,27,196
107,30,202
108,31,206
109,31,215
110,30,220
111,31,224
112,30,233
113,31,240
114,32,244
115,34,254
116,34,258
117,34,263
118,34,266
119,34,266
120,33,268
121,37,271
122,36,268
123,36,266
124,37,258
125,36,249
126,37,243
127,36,241
128,36,239
129,35,235
130,34,238
131,34,231
132,34,226
133,34,225
134,34,219
135,34,213
136,34,208
137,32,206
138,32,209
139,31,209
140,29,207
141,28,206
142,28,204
143,28,200
144,28,197
145,28,196
146,26,196
147,26,201
148,26,200
149,26,196
150,26,199
151,28,197
152,28,197
153,29,196
154,29,195
155,27,188
156,26,183
157,26,180
158,26,177
159,26,174
160,26,169
161,25,166
162,25,160
163,24,154
164,24,155
165,24,156
166,22,157
167,22,160
168,21,156
169,22,155
170,22,154
171,21,153
172,22,154
173,22,150
174,24,151
175,24,155
176,24,154
177,24,153
178,25,153
179,25,152
180,24,155
181,23,155
182,23,157
183,23,153
184,23,151
185,20,148
186,21,146
187,22,145
188,22,139
189,24,141
190,23,140
191,23,138
192,24,134
193,23,133
194,23,128
195,23,127
196,23,127
197,23,128
198,23,128
199,23,125
200,23,127
201,22,125
202,21,127
203,19,127
204,19,126
205,19,126
206,21,123
207,21,121
208,21,121
209,21,119
210,21,119
211,20,119
212,20,118
213,20,117
214,20,113
215,19,115
216,19,115
217,20,121
218,19,122
219,18,122
220,18,123
221,17,126
222,16,128
223,16,126
224,17,123
225,17,125
226,16,122
227,16,124
228,15,125
229,13,121
230,12,117
231,12,117
232,12,115
233,12,114
234,12,112
235,12,115
236,12,111
237,12,109
238,14,106
239,13,107
240,13,107
241,12,105
242,12,105
243,12,104
244,12,101
245,10,99
246,9,100
247,9,101
248,9,101
249,9,100
250,9,96
251,9,95
252,9,96
253,9,92
254,10,91
255,10,90
256,10,88
257,10,87
258,10,85
259,10,82
260,9,78
261,9,75
262,9,73
263,8,74
264,8,73
265,8,72
266,8,71
267,8,69
268,8,71
269,7,70
270,7,69
271,7,71
272,9,71
273,9,70
274,9,68
275,9,66
276,9,64
277,8,63
278,8,63
279,8,62
280,8,60
281,8,60
282,8,57
283,6,56
284,5,56
285,5,56
286,5,53
287,5,52
288,5,51
289,4,49
290,4,49
291,4,49
292,4,48
293,3,49
294,3,49
295,3,48
296,3,48
297,3,49
298,3,50
299,3,49
300,4,48
301,5,47
302,5,46
303,6,44
304,6,41
305,5,41
306,5,40
307,5,39
308,6,39
309,6,39
310,6,37
311,6,36
312,6,36
313,6,36
314,6,37
315,6,35
316,6,36
317,6,36
318,6,35
319,5,34
320,5,33
321,5,33
322,5,33
323,5,32
324,5,31
325,4,31
326,4,29
327,4,28
328,4,28
329,4,29
330,4,27
331,4,27
332,3,28
333,3,29
334,3,26
335,3,25
336,3,25
337,3,25
338,2,25
339,2,25
340,2,23
341,2,23
342,2,24
343,2,24
344,2,24
345,2,24
346,2,20
347,2,21
348,2,21
349,2,22
350,2,22
351,2,22
352,1,22
353,1,22
354,1,22
355,1,22
356,1,22
357,1,22
358,1,22
359,1,22
360,1,22
361,1,22
362,1,22
363,1,22
364,1,22
365,1,20
366,0,21
367,0,21
368,0,22
369,0,21
370,0,21
371,0,21
372,0,19
373,0,19
374,0,18
375,0,18
376,0,17
377,0,17
378,0,18
379,0,17
380,0,17
381,0,16
382,0,15
383,0,15
384,0,15
385,0,16
386,1,16
387,1,15
388,1,14
389,1,13
390,1,12
391,1,12
392,1,12
393,1,12
394,1,11
395,1,11
396,1,11
397,1,11
398,1,11
399,1,11
400,1,11
401,1,11
402,1,11
403,1,11
404,1,10
405,1,10
406,1,10
407,1,10
408,1,10
409,2,10
410,2,11
411,2,11
412,2,11
413,2,12
414,2,11
415,2,11
416,2,12
417,2,13
418,2,13
419,1,12
420,1,11
421,1,11
422,1,11
423,1,10
424,1,9
425,1,9
426,1,9
427,1,9
428,1,9
429,1,9
430,1,8
431,1,9
432,1,9
433,1,9
434,1,9
435,1,10
436,1,11
437,1,11
438,1,11
439,1,11
440,1,11
441,1,11
442,1,11
443,1,11
444,1,11
445,1,10
446,1,9
447,1,9
448,1,9
449,1,9
450,1,9
451,1,10
452,1,10
453,1,10
454,1,11
455,1,10
456,1,10
457,1,10
458,1,11
459,1,11
460,1,11
461,1,12
462,1,11
463,1,11
464,1,12
465,1,12
466,1,12
467,1,12
468,1,12
469,1,11
470,1,11
471,1,10
472,1,10
473,1,10
474,1,9
475,1,9
476,1,9
477,1,9
478,1,9
479,1,8
480,1,8
481,0,8
482,0,8
483,0,8
484,0,7
485,0,6
486,0,6
487,0,6
488,0,6
489,0,6
490,0,6
491,0,6
492,0,6
493,0,6
494,0,6
495,0,6
496,0,6
497,0,6
498,0,6
499,0,5
500,0,4
tick,Hembras,Machos
0,2,9
1,2,9
2,2,9
3,2,9
4,2,8
5,2,8
6,2,8
7,2,8
8,2,8
9,2,8
10,2,8
11,2,7
12,1,7
13,1,7
14,1,7
15,1,7
16,1,7
17,1,6
18,1,4
19,0,4
20,0,4
21,0,4
22,0,6
23,0,7
24,1,7
25,1,8
26,1,8
27,1,7
28,1,8
29,1,10
30,1,11
31,1,12
32,1,12
33,1,13
34,1,13
35,1,14
36,1,14
37,1,13
38,1,12
39,1,13
40,1,12
41,1,12
42,1,12
43,1,12
44,1,12
45,1,12
46,1,11
47,1,11
48,1,11
49,1,11
50,1,11
51,1,12
52,1,12
53,1,11
54,1,10
55,1,11
56,1,11
57,1,11
58,1,12
59,1,12
60,1,12
61,1,12
62,1,13
63,1,13
64,1,13
65,1,12
66,1,11
67,1,8
68,1,8
69,1,7
70,1,7
71,1,8
72,1,9
73,2,9
74,1,9
75,1,9
76,1,10
77,1,8
78,1,8
79,1,9
80,1,10
81,1,10
82,1,10
83,1,11
84,1,11
85,1,12
86,1,11
87,1,10
88,2,10
89,3,10
90,3,11
91,3,12
92,3,13
93,3,12
94,3,12
95,3,13
96,3,13
97,2,13
98,2,13
99,2,13
100,2,12
101,2,13
102,2,14
103,2,14
104,2,14
105,2,15
106,2,15
107,2,16
108,2,17
109,2,18
110,2,18
111,2,20
112,3,20
113,3,21
114,2,22
115,3,22
116,3,23
117,4,23
118,4,23
119,4,24
120,4,26
121,4,25
122,4,24
123,4,25
124,4,24
125,4,24
126,4,24
127,4,24
128,4,24
129,4,23
130,4,21
131,4,20
132,4,20
133,4,20
134,4,20
135,4,20
tick,Hembras,Machos
0,7,6
1,7,6
2,7,6
3,7,5
4,7,5
5,7,4
6,7,4
7,7,4
8,7,3
9,7,3
10,7,3
11,7,3
12,6,3
13,6,3
14,6,3
15,6,3
16,6,3
17,6,3
18,6,3
19,6,3
20,6,3
21,5,3
22,5,4
23,5,6
24,6,8
25,6,11
26,6,16
27,6,16
28,7,17
29,7,18
30,8,20
31,5,24
32,5,26
33,6,26
34,7,29
35,7,31
36,6,34
37,7,37
38,8,39
39,9,40
40,9,42
41,9,46
42,9,48
43,9,50
44,9,50
45,10,49
46,10,52
47,10,51
48,11,54
49,11,57
50,11,58
51,10,60
52,10,63
53,11,62
54,11,63
55,12,63
56,13,65
57,13,65
58,13,63
59,13,65
60,12,69
61,15,72
62,17,71
63,18,74
64,18,78
65,17,84
66,18,88
67,17,90
68,18,87
69,18,89
70,18,88
71,17,87
72,17,85
73,16,87
74,17,91
75,18,95
76,20,100
77,20,105
78,19,110
79,21,114
80,20,115
81,21,121
82,23,126
83,22,126
84,24,131
85,24,135
86,26,138
87,27,139
88,27,145
89,26,148
90,28,154
91,28,155
92,25,152
93,26,151
94,23,160
95,25,160
96,25,165
97,26,169
98,27,175
99,28,180
100,28,191
101,30,196
102,29,202
103,28,208
104,29,218
105,30,224
106,32,228
107,35,232
108,35,239
109,35,240
110,37,239
111,38,246
112,38,248
113,41,253
114,42,255
115,44,261
116,46,268
117,44,276
118,43,284
119,43,288
120,45,290
121,44,300
122,43,290
123,42,286
124,41,284
125,38,283
126,37,275
127,37,272
128,36,265
129,36,266
130,36,257
131,34,255
132,37,248
133,37,249
134,38,248
135,37,249
136,36,245
137,35,238
138,36,236
139,36,232
140,36,235
141,37,232
142,37,234
143,36,235
144,37,228
145,37,229
146,35,225
147,34,221
148,36,218
149,35,219
150,33,219
151,34,214
152,33,215
153,32,213
154,29,216
155,29,213
156,27,207
157,28,206
158,28,205
159,28,204
160,28,203
161,26,203
162,24,206
163,24,199
164,25,197
165,26,196
166,26,196
167,26,197
168,26,195
169,26,194
170,26,194
171,26,194
172,24,193
173,24,192
174,20,188
175,18,189
176,17,190
177,17,187
178,17,183
179,17,178
180,18,181
181,17,178
182,17,178
183,18,173
184,18,172
185,19,169
186,18,163
187,18,159
188,20,156
189,21,154
190,19,150
191,21,147
192,19,146
193,19,145
194,18,143
195,17,140
196,17,141
197,17,139
198,19,135
199,18,135
200,18,132
201,18,127
202,18,126
203,16,123
204,16,124
205,16,124
206,14,121
207,13,121
208,11,122
209,10,122
210,10,114
211,12,113
212,12,113
213,12,109
214,12,110
215,12,110
216,13,109
217,13,106
218,13,107
219,13,110
220,13,107
221,13,107
222,12,106
223,12,103
224,12,102
225,12,102
226,13,105
227,13,104
228,12,101
229,12,99
230,12,97
231,12,97
232,12,98
233,11,98
234,10,95
235,10,93
236,11,96
237,11,99
238,11,98
239,10,96
240,10,95
241,10,96
242,10,94
243,10,93
244,9,89
245,9,85
246,8,85
247,8,86
248,8,86
249,9,84
250,10,83
251,10,80
252,10,77
253,10,77
254,10,75
255,10,72
256,10,73
257,10,71
258,10,71
259,10,69
260,11,65
261,11,64
262,13,62
263,13,59
264,13,58
265,13,58
266,13,57
267,13,56
268,13,53
269,12,54
270,12,54
271,13,55
272,12,55
273,11,55
274,12,54
275,10,54
276,10,52
277,10,51
278,10,51
279,11,51
280,11,51
281,11,48
282,10,48
283,10,48
284,10,48
285,10,50
286,10,51
287,10,50
288,9,49
289,9,47
290,9,48
291,9,47
292,10,48
293,10,50
294,10,51
295,10,48
296,9,49
297,9,49
298,9,46
299,9,46
300,9,46
301,9,46
302,9,46
303,9,45
304,8,45
305,8,45
306,8,47
307,7,47
308,6,46
309,6,44
310,5,44
311,5,44
312,5,44
313,4,44
314,4,45
315,4,48
316,4,48
317,5,47
318,5,46
319,3,43
320,4,43
321,4,42
322,4,43
323,4,42
324,4,43
325,4,42
326,4,43
327,4,43
328,4,41
329,4,41
330,4,41
331,4,37
332,4,38
333,4,36
334,4,35
335,4,34
336,4,33
337,4,32
338,4,33
339,4,33
340,4,31
341,3,32
342,3,31
343,2,30
344,2,31
345,2,31
346,2,30
347,3,29
348,3,31
349,3,31
350,3,30
351,3,29
352,3,30
353,3,30
354,3,30
355,3,27
356,3,26
357,3,27
358,3,26
359,3,25
360,3,25
361,3,25
362,3,24
363,3,23
364,3,23
365,3,23
366,3,22
367,3,22
368,3,22
369,3,22
370,3,21
371,3,21
372,2,21
373,2,21
374,2,20
375,2,20
376,2,20
377,2,20
378,3,19
379,3,17
380,3,17
381,2,17
382,2,16
383,2,15
384,2,15
385,2,14
386,2,13
387,2,13
388,2,12
389,2,12
390,2,12
391,2,11
392,3,10
393,3,10
394,2,10
395,2,9
396,2,9
397,2,10
398,2,11
399,2,12
400,2,12
401,2,13
402,2,15
403,1,15
404,0,14
405,0,14
406,0,14
407,0,12
408,0,12
409,0,12
410,0,11
411,0,11
412,0,9
413,1,9
414,2,9
415,2,8
416,2,9
417,2,9
418,2,9
419,2,9
420,2,9
421,2,9
422,2,8
423,2,7
424,2,6
425,2,6
426,2,6
427,2,6
428,2,6
429,2,6
430,2,6
431,1,6
432,1,6
433,1,6
434,1,6
435,1,6
436,2,6
437,2,6
438,2,6
439,2,6
440,2,6
441,2,6
442,2,6
443,2,6
444,2,6
445,2,6
446,2,6
447,2,6
448,2,6
449,2,6
450,2,6
451,2,6
452,2,6
453,3,5
454,3,4
455,3,4
456,3,4
457,3,4
458,3,4
459,4,4
460,4,4
461,4,4
462,4,4
463,4,4
464,4,5
465,4,5
466,4,5
467,3,5
468,2,5
469,2,5
470,2,6
471,2,6
472,2,6
473,2,6
474,2,6
475,2,5
476,2,5
477,2,5
478,2,4
479,2,5
480,2,6
481,2,6
482,2,6
483,2,5
484,3,5
485,3,5
486,2,5
487,1,5
488,1,5
489,1,5
490,1,5
491,1,5
492,1,4
493,1,4
494,1,4
495,1,4
496,1,4
497,1,4
498,1,4
499,1,5
500,1,5
501,1,5
502,1,4
503,1,5
504,1,5
505,1,6
506,1,6
507,1,6
508,1,6
509,1,6
510,1,6
511,1,6
512,1,5
513,1,5
514,1,5
515,1,5
516,1,5
517,1,6
518,1,6
519,1,6
520,1,6
521,1,6
522,1,6
523,1,6
524,2,5
525,2,5
526,2,5
527,2,6
528,2,6
529,1,6
530,1,6
531,1,7
532,1,7
533,1,7
534,1,6
535,1,5
536,1,5
537,1,5
538,1,5
539,1,5
540,1,5
541,1,5
542,1,5
543,1,5
544,1,5
545,1,5
546,1,5
547,1,5
548,1,5
549,1,7
550,1,7
551,1,7
552,1,7
553,1,7
554,1,7
555,1,7
556,1,7
557,1,6
558,1,6
559,1,6
560,1,6
561,1,6
562,1,6
563,1,5
564,1,4
565,1,4
566,1,4
567,1,4
568,1,5
569,1,5
570,1,5
571,1,5
572,1,5
573,1,5
574,1,5
575,1,5
576,1,5
577,1,5
578,1,6
579,1,6
580,1,5
581,1,5
582,1,5
583,1,5
584,1,5
585,1,5
586,1,5
587,1,5
588,1,5
589,1,5
590,1,5
591,1,5
592,1,5
593,1,5
594,1,5
595,1,5
596,1,5
597,1,5
598,1,5
599,1,6
600,1,7
601,1,8
602,1,8
603,1,8
604,1,8
605,1,8
606,1,9
607,1,9
608,1,9
609,1,9
610,0,9
611,0,9
612,0,9
613,0,10
614,0,10
615,0,11
616,0,11
617,0,11
618,0,11
619,1,11
620,1,11
621,1,11
622,1,10
623,1,9
624,1,9
625,1,8
626,1,8
627,1,8
628,1,8
629,1,8
630,1,8
631,1,8
632,1,8
633,1,8
634,1,6
635,1,6
636,1,6
637,1,6
638,1,6
639,1,6
640,1,6
641,1,6
642,1,6
643,1,6
644,1,6
645,1,6
646,1,6
647,1,5
648,1,5
649,1,4
650,1,4
651,1,4
652,1,4
653,1,4
654,1,4
655,1,4
656,1,4
657,1,4
658,1,4
659,1,4
660,1,4
661,1,4
662,1,4
663,1,4
664,1,4
665,1,4
666,1,4
667,1,4
668,1,3
669,1,2
670,1,2
671,1,3
672,1,3
673,1,3
674,1,3
675,1,3
676,1,2
677,1,2
678,1,2
679,1,2
680,1,2
681,1,2
682,0,2
683,0,2
684,0,2
685,0,2
686,0,2
687,0,2
688,0,2
689,0,2
690,0,2
691,0,2
692,0,2
693,0,2
694,0,2
tick,Hembras,Machos
0,8,8
1,8,8
2,8,8
3,8,8
4,8,8
5,8,8
6,7,8
7,7,8
8,6,8
9,6,8
10,6,8
11,6,8
12,6,8
13,6,8
14,6,7
15,6,6
16,6,6
17,6,6
18,6,6
19,6,6
20,6,6
21,6,6
22,6,10
23,7,12
24,9,13
25,9,17
26,9,23
27,9,24
28,9,26
29,8,29
30,8,30
31,8,30
32,8,30
33,8,32
34,9,36
35,7,40
36,7,42
37,6,45
38,6,49
39,6,50
40,7,52
41,7,54
42,6,55
43,6,57
44,6,61
45,7,63
46,8,64
47,9,67
48,8,67
49,10,68
50,10,69
51,9,73
52,10,75
53,11,78
54,12,81
55,11,80
56,11,78
57,10,80
58,10,79
59,10,80
60,10,83
61,10,86
62,10,87
63,9,87
64,9,86
65,10,88
66,10,93
67,11,95
68,11,96
69,11,97
70,12,99
71,12,101
72,13,102
73,15,101
74,16,102
75,16,104
76,19,103
77,18,104
78,18,107
79,18,110
80,18,111
81,17,116
82,17,117
83,14,120
84,15,117
85,15,118
86,15,122
87,15,121
88,15,123
89,16,124
90,15,127
91,15,130
92,15,133
93,16,137
94,16,141
95,16,148
96,18,144
97,17,146
98,17,152
99,18,156
100,17,159
101,17,167
102,18,172
103,19,175
104,18,175
105,20,181
106,19,185
107,18,189
108,19,190
109,19,188
110,21,189
111,23,189
112,25,193
113,25,197
114,26,197
115,28,203
116,28,209
117,29,210
118,30,218
119,30,221
120,32,221
121,32,228
122,32,227
123,31,219
124,31,210
125,31,204
126,30,202
127,30,198
128,30,195
129,30,186
130,29,186
131,28,179
132,28,176
133,30,174
134,28,174
135,26,169
136,26,167
137,26,165
138,24,164
139,24,162
140,24,163
141,24,159
142,23,153
143,23,152
144,23,152
145,23,149
146,22,151
147,22,148
148,22,152
149,21,146
150,19,144
151,19,142
152,18,142
153,17,141
154,17,143
155,17,140
156,18,140
157,18,140
158,19,139
159,18,139
160,18,137
161,18,134
162,18,137
163,17,135
164,16,136
165,16,129
166,15,129
167,14,127
168,14,125
169,15,123
170,14,120
171,15,119
172,15,115
173,14,116
174,14,113
175,15,111
176,15,109
177,15,109
178,15,111
179,15,106
180,16,107
181,16,106
182,16,105
183,16,109
184,16,108
185,15,106
186,15,111
187,14,110
188,14,103
189,14,103
190,14,104
191,15,101
192,16,100
193,17,95
194,15,95
195,14,94
196,15,93
197,15,92
198,15,93
199,14,90
200,14,90
201,14,88
202,14,85
203,14,83
204,14,83
205,15,82
206,15,81
207,15,83
208,15,80
209,16,80
210,16,84
211,15,84
212,15,84
213,15,85
214,15,83
215,15,82
216,15,79
217,15,76
218,13,76
219,11,79
220,11,82
221,11,78
222,11,78
223,10,74
224,10,73
225,11,68
226,11,68
227,12,68
228,11,66
229,11,66
230,10,61
231,10,60
232,10,62
233,11,63
234,11,63
235,11,63
236,11,63
237,11,63
238,11,62
239,10,61
240,10,62
241,10,63
242,10,64
243,10,64
244,9,64
245,9,66
246,9,64
247,9,61
248,10,61
249,11,60
250,11,60
251,11,58
252,11,56
253,10,54
254,11,54
255,10,55
256,10,55
257,10,55
258,10,55
259,10,56
260,11,57
261,11,55
262,12,53
263,12,52
264,12,53
265,12,51
266,12,51
267,12,52
268,11,52
269,11,51
270,11,51
271,12,50
272,11,50
273,11,48
274,10,47
275,10,45
276,9,46
277,9,45
278,9,45
279,8,44
280,8,42
281,8,45
282,8,46
283,8,45
284,8,46
285,8,47
286,7,49
287,7,48
288,7,49
289,7,45
290,7,45
291,8,45
292,8,47
293,7,46
294,7,45
295,7,46
296,7,45
297,7,42
298,7,42
299,7,41
300,6,39
301,6,39
302,6,38
303,7,37
304,6,36
305,6,35
306,6,34
307,6,32
308,6,31
309,6,32
310,5,31
311,5,31
312,5,30
313,5,28
314,5,27
315,5,27
316,5,26
317,5,26
318,5,28
319,5,28
320,5,28
321,5,28
322,5,29
323,5,27
324,5,25
325,5,26
326,5,26
327,5,26
328,5,26
329,6,25
330,6,24
331,6,24
332,5,24
333,5,24
334,4,24
335,4,25
336,4,25
337,4,26
338,4,26
339,4,24
340,4,24
341,4,23
342,4,22
343,4,22
344,4,21
345,4,21
346,4,19
347,4,19
348,5,19
349,5,19
350,5,20
351,5,22
352,5,21
353,4,21
354,4,21
355,4,22
356,4,23
357,4,22
358,3,21
359,3,21
360,3,20
361,3,19
362,3,19
363,3,20
364,2,19
365,2,19
366,2,18
367,2,18
368,2,18
369,2,17
370,3,17
371,4,17
372,3,16
373,3,18
374,3,18
375,3,19
376,3,19
377,3,18
378,3,19
379,3,19
380,3,18
381,3,18
382,3,18
383,3,18
384,3,18
385,3,18
386,3,18
387,3,17
388,3,17
389,3,16
390,3,15
391,3,15
392,3,14
393,3,15
394,3,15
395,3,15
396,3,16
397,3,16
398,3,14
399,3,14
400,3,14
401,3,14
402,3,14
403,3,13
404,3,12
405,3,13
406,3,14
407,3,15
408,3,16
409,3,16
410,3,16
411,3,16
412,2,15
413,2,15
414,2,16
415,2,15
416,2,15
417,2,14
418,2,14
419,2,15
420,1,15
421,1,14
422,1,13
423,1,13
424,1,13
425,1,12
426,1,12
427,1,11
428,1,10
429,1,12
430,1,13
431,1,12
432,1,11
433,1,10
434,1,10
435,1,10
436,1,11
437,1,11
438,1,11
439,1,12
440,1,11
441,1,11
442,1,11
443,1,10
444,1,10
445,1,10
446,1,10
447,1,9
448,1,10
449,1,10
450,1,9
451,1,9
452,1,9
453,1,9
454,1,9
455,1,9
456,1,9
457,0,9
458,0,7
459,0,7
460,0,7
461,0,6
462,0,6
463,0,5
464,0,5
465,0,5
466,0,5
467,0,5
468,0,5
469,0,5
470,0,5
471,0,5
472,0,4
tick,Hembras,Machos
0,10,7
1,10,6
2,10,6
3,10,6
4,10,6
5,10,5
6,10,5
7,10,5
8,10,5
9,9,5
10,9,5
11,9,5
12,7,5
13,7,5
14,7,5
15,7,5
16,7,5
17,7,5
18,7,5
19,7,5
20,7,5
21,7,5
22,10,9
23,10,11
24,12,13
25,14,14
26,13,20
27,12,25
28,11,29
29,11,33
30,11,36
31,11,38
32,11,40
33,12,40
34,13,38
35,13,43
36,13,49
37,12,49
38,11,50
39,13,52
40,13,56
41,15,53
42,15,57
43,14,61
44,14,68
45,13,69
46,14,75
47,13,80
48,13,86
49,12,89
50,13,92
51,12,95
52,14,98
53,15,97
54,16,101
55,16,106
56,17,110
57,17,115
58,18,118
59,17,121
60,19,125
61,18,130
62,17,135
63,17,139
64,16,143
65,18,146
66,18,149
67,18,155
68,18,157
69,18,161
70,18,160
71,18,159
72,18,158
73,18,162
74,17,168
75,18,171
76,18,174
77,17,177
78,19,183
79,18,189
80,18,190
81,18,196
82,20,199
83,21,202
84,21,203
85,22,202
86,22,207
87,23,211
88,23,213
89,25,215
90,25,216
91,26,217
92,28,218
93,27,220
94,28,226
95,27,228
96,26,228
97,25,228
98,25,228
99,24,236
100,24,240
101,26,245
102,27,251
103,27,259
104,26,263
105,26,261
106,26,264
107,28,267
108,29,271
109,27,276
110,28,278
111,29,289
112,29,294
113,32,296
114,34,303
115,34,302
116,38,304
117,38,309
118,36,313
119,35,318
120,37,325
121,37,332
122,38,325
123,38,322
124,38,319
125,37,312
126,36,305
127,36,299
128,37,293
129,37,291
130,37,285
131,35,278
132,35,276
133,34,273
134,34,269
135,34,261
136,33,247
137,32,243
138,33,237
139,31,236
140,30,230
141,29,227
142,30,224
143,30,224
144,31,223
145,31,221
146,29,224
147,28,220
148,27,218
149,27,213
150,29,207
151,29,206
152,30,203
153,28,204
154,27,203
155,27,202
156,26,202
157,25,199
158,25,197
159,25,200
160,24,204
161,24,205
162,23,200
163,24,204
164,23,201
165,24,204
166,24,195
167,23,188
168,23,191
169,23,190
170,22,187
171,20,187
172,20,184
173,19,186
174,19,186
175,19,187
176,19,186
177,18,183
178,17,182
179,18,184
180,18,181
181,19,181
182,18,179
183,18,176
184,17,170
185,15,168
186,15,163
187,16,166
188,16,164
189,16,161
190,17,161
191,17,158
192,17,157
193,17,160
194,18,159
195,16,159
196,17,158
197,16,160
198,15,157
199,15,155
200,15,146
201,15,141
202,15,138
203,14,137
204,16,134
205,15,131
206,15,131
207,15,128
208,15,126
209,14,122
210,14,118
211,15,120
212,16,120
213,14,121
214,14,120
215,14,119
216,16,118
217,16,116
218,15,112
219,15,108
220,15,107
221,16,107
222,16,105
223,16,101
224,16,101
225,16,100
226,16,103
227,17,100
228,17,100
229,16,98
230,17,97
231,16,97
232,15,98
233,15,98
234,15,100
235,16,99
236,16,98
237,16,96
238,15,99
239,15,99
240,16,97
241,16,96
242,16,94
243,16,94
244,15,92
245,15,91
246,14,90
247,14,90
248,14,90
249,15,91
250,15,90
251,14,89
252,14,91
253,13,90
254,12,88
255,12,86
256,12,86
257,12,85
258,13,86
259,12,84
260,11,84
261,11,81
262,11,80
263,11,78
264,11,77
265,11,75
266,11,75
267,11,74
268,11,75
269,11,75
270,11,77
271,11,76
272,11,73
273,12,68
274,12,67
275,12,67
276,12,67
277,12,67
278,12,65
279,12,64
280,12,65
281,12,64
282,12,61
283,12,61
284,12,61
285,12,62
286,12,57
287,11,56
288,11,56
289,11,51
290,11,48
291,11,49
292,11,49
293,11,50
294,10,48
295,10,48
296,10,47
297,10,48
298,10,48
299,11,47
300,11,48
301,12,51
302,12,52
303,12,54
304,12,55
305,13,53
306,13,54
307,13,54
308,13,54
309,13,53
310,14,54
311,14,52
312,14,52
313,14,49
314,14,47
315,13,47
316,13,43
317,13,45
318,14,44
319,14,43
320,13,41
321,12,41
322,12,39
323,12,41
324,12,41
325,14,39
326,14,40
327,13,42
328,13,43
329,13,44
330,13,44
331,13,45
332,13,45
333,13,45
334,13,48
335,13,49
336,13,49
337,13,46
338,14,44
339,14,42
340,14,44
341,14,43
342,14,43
343,13,43
344,13,41
345,13,40
346,12,41
347,11,41
348,12,42
349,10,43
350,10,42
351,10,41
352,10,40
353,10,39
354,10,38
355,10,36
356,9,35
357,9,37
358,9,36
359,8,36
360,9,35
361,9,37
362,9,36
363,9,36
364,9,40
365,9,41
366,9,39
367,9,40
368,9,45
369,7,43
370,7,44
371,7,43
372,7,43
373,7,43
374,7,42
375,6,42
376,6,42
377,6,41
378,6,41
379,6,41
380,6,41
381,6,43
382,6,43
383,6,43
384,6,43
385,6,43
386,6,43
387,6,40
388,6,40
389,6,40
390,6,40
391,6,40
392,6,40
393,6,41
394,5,43
395,4,43
396,4,41
397,4,41
398,4,40
399,4,40
400,4,41
401,4,41
402,4,42
403,4,42
404,4,43
405,4,45
406,4,45
407,4,44
408,4,44
409,2,44
410,2,45
411,2,48
412,2,47
413,2,45
414,2,45
415,2,46
416,2,44
417,2,43
418,2,43
419,1,43
420,1,43
421,1,41
422,1,39
423,1,37
424,1,34
425,1,33
426,1,31
427,1,30
428,1,30
429,1,30
430,1,30
431,1,31
432,1,31
433,1,28
434,1,29
435,1,30
436,1,30
437,1,31
438,1,29
439,1,29
440,1,28
441,1,28
442,1,25
443,1,23
444,1,23
445,1,22
446,1,21
447,1,21
448,1,20
449,1,20
450,1,20
451,1,19
452,1,18
453,1,18
454,1,18
455,1,18
456,1,17
457,1,17
458,1,17
459,1,16
460,1,15
461,1,14
462,1,14
463,1,14
464,1,12
465,1,12
466,1,13
467,1,13
468,1,12
469,1,12
470,1,12
471,1,12
472,1,10
473,2,9
474,2,9
475,2,8
476,2,8
477,2,8
478,2,8
479,2,8
480,2,8
481,2,8
482,2,8
483,2,8
484,2,8
485,2,8
486,2,8
487,2,8
488,2,8
489,2,7
490,2,8
491,2,8
492,2,8
493,1,7
494,1,7
495,1,7
496,1,8
497,1,7
498,1,7
499,1,7
500,1,7
501,1,7
502,1,6
503,1,5
504,1,5
505,1,4
506,1,4
507,1,5
508,1,5
509,1,5
510,1,4
511,1,5
512,1,5
513,1,5
514,1,5
515,1,5
516,1,5
517,1,5
518,1,5
519,1,5
520,1,5
521,1,5
522,1,5
523,1,5
524,1,5
525,1,5
526,1,5
527,1,5
528,1,5
529,1,5
530,1,5
531,1,5
532,1,5
533,1,5
534,1,5
535,1,5
536,1,5
537,1,5
538,1,5
539,1,5
540,1,5
541,1,5
542,1,5
543,1,4
544,1,4
545,1,4
546,1,3
547,1,3
548,1,2
549,1,2
550,1,3
551,1,3
552,1,4
553,1,3
554,1,3
555,1,3
556,1,3
557,1,3
558,1,3
559,1,3
560,1,4
561,1,4
562,1,4
563,1,4
564,1,4
565,1,4
566,1,4
567,1,5
568,1,6
569,1,5
570,0,6
571,0,6
572,0,5
573,0,5
574,0,4
575,0,4
576,0,4
577,0,4
578,0,4
579,0,4
580,0,4
581,0,5
582,0,4
583,0,4
584,0,4
585,0,4
586,0,5
587,0,5
588,0,5
tick,Hembras,Machos
0,3,1
1,3,1
2,3,1
3,3,1
4,3,1
5,3,1
6,2,1
7,2,1
8,2,1
9,2,1
10,2,1
11,2,1
12,2,1
13,2,1
14,2,1
15,2,1
16,2,1
17,2,1
18,2,1
19,2,1
20,2,1
21,2,1
22,2,2
23,2,4
24,2,6
25,2,5
26,3,5
27,2,5
28,2,6
29,2,7
30,2,7
31,1,8
32,1,8
33,1,10
34,2,9
35,1,9
36,1,10
37,1,11
38,1,10
39,2,10
40,2,10
41,1,11
42,1,12
43,1,13
44,1,14
45,1,15
46,1,15
47,1,15
48,1,15
49,1,17
50,1,18
51,3,17
52,3,17
53,3,18
54,3,16
55,3,15
56,3,14
57,3,14
58,3,13
59,2,14
60,2,14
61,3,13
62,3,13
63,3,14
64,3,14
65,3,15
66,3,15
67,3,15
68,3,16
69,3,16
70,3,16
71,2,16
72,2,17
73,2,17
74,2,19
75,2,22
76,2,22
77,2,23
78,3,22
79,2,22
80,2,23
81,2,25
82,2,27
83,2,28
84,2,29
85,2,31
86,2,33
87,2,34
88,2,33
89,2,35
90,2,35
91,1,35
92,1,35
93,1,35
94,1,35
95,1,36
96,1,34
97,1,33
98,1,33
99,2,33
100,2,30
101,3,30
102,3,30
103,3,30
104,3,31
105,3,33
106,3,33
107,3,30
108,4,29
109,4,31
110,5,30
111,5,30
112,5,28
113,5,29
114,5,30
115,4,31
116,4,30
117,4,28
118,4,29
119,4,27
120,4,28
121,4,27
122,4,27
123,3,27
124,3,28
125,2,25
126,2,26
127,2,25
128,2,23
129,2,23
130,3,22
131,3,22
132,3,21
133,3,22
134,3,21
135,3,20
136,3,21
137,3,21
138,3,21
139,3,21
140,3,21
141,2,21
142,1,22
143,1,21
144,1,19
145,1,19
146,1,19
147,1,19
148,1,18
149,1,18
150,1,18
151,1,18
152,1,18
153,1,18
154,1,17
155,1,17
156,1,17
157,1,17
158,1,17
159,1,17
160,1,17
161,1,18
162,1,18
163,1,18
164,1,18
165,1,18
166,1,17
167,1,17
168,1,17
169,1,17
170,1,18
171,1,17
172,1,16
173,1,15
174,1,15
175,0,15
176,0,15
177,0,14
178,0,13
179,0,12
180,0,12
181,0,12
182,0,12
183,0,11
184,0,11
185,0,11
186,0,12
187,0,12
188,0,12
189,0,12
190,0,11
191,0,11
192,0,10
193,0,9
194,0,8
tick,Hembras,Machos
0,5,5
1,5,5
2,5,5
3,5,5
4,4,5
5,4,5
6,4,5
7,3,5
8,2,5
9,2,5
10,2,5
11,2,5
12,2,5
13,2,5
14,2,5
15,2,5
16,2,5
17,2,5
18,2,5
19,2,4
20,2,4
21,2,4
22,2,6
23,2,9
24,2,12
25,2,15
26,2,17
27,2,17
28,3,18
29,3,18
30,3,19
31,3,19
32,3,19
33,3,20
34,3,21
35,3,22
36,4,23
37,4,24
38,4,24
39,4,24
40,4,23
41,4,24
42,4,25
43,4,26
44,4,26
45,4,25
46,4,25
47,4,25
48,4,25
49,4,26
50,4,27
51,4,28
52,4,28
53,4,28
54,3,28
55,3,30
56,3,31
57,4,31
58,4,32
59,6,32
60,6,31
61,6,32
62,6,33
63,5,33
64,5,37
65,5,39
66,5,43
67,5,41
68,5,41
69,5,40
70,5,40
71,4,40
72,5,42
73,5,43
74,5,45
75,6,46
76,6,47
77,6,47
78,7,45
79,7,47
80,9,47
81,9,48
82,10,50
83,9,52
84,8,49
85,9,49
86,9,51
87,9,53
88,9,55
89,8,58
90,8,58
91,8,57
92,10,56
93,10,58
94,10,58
95,10,61
96,11,62
97,11,63
98,11,62
99,11,62
100,11,65
101,11,72
102,11,77
103,11,79
104,11,82
105,10,82
106,10,82
107,11,81
108,11,84
109,11,83
110,11,82
111,11,85
112,11,89
113,12,88
114,14,90
115,15,94
116,16,97
117,18,98
118,19,98
119,18,104
120,18,107
121,18,112
122,17,113
123,17,112
124,17,110
125,18,108
126,17,109
127,14,107
128,13,104
129,13,102
130,13,103
131,12,103
132,13,103
133,13,101
134,14,98
135,14,98
136,14,97
137,14,96
138,14,94
139,14,94
140,14,94
141,13,91
142,13,91
143,13,88
144,14,90
145,13,90
146,13,89
147,12,85
148,13,87
149,13,87
150,12,86
151,12,87
152,13,84
153,13,84
154,13,84
155,13,85
156,14,85
157,13,87
158,12,89
159,12,90
160,11,89
161,11,89
162,11,90
163,11,89
164,11,88
165,11,89
166,11,90
167,10,86
168,10,88
169,10,88
170,9,85
171,9,82
172,9,82
173,8,81
174,9,79
175,9,75
176,9,73
177,9,70
178,9,68
179,8,67
180,8,65
181,8,65
182,8,65
183,8,65
184,8,66
185,8,65
186,8,66
187,9,66
188,9,66
189,9,62
190,8,63
191,8,63
192,8,63
193,8,62
194,8,62
195,8,61
196,8,61
197,8,60
198,8,58
199,8,57
200,8,57
201,8,55
202,8,54
203,8,53
204,9,52
205,9,52
206,10,52
207,10,52
208,10,52
209,9,52
210,9,53
211,10,53
212,10,51
213,10,52
214,9,52
215,10,52
216,10,52
217,10,50
218,10,49
219,10,49
220,10,49
221,10,46
222,10,48
223,10,48
224,10,49
225,10,50
226,9,50
227,10,50
228,10,51
229,10,53
230,11,50
231,11,51
232,11,51
233,11,51
234,11,49
235,11,49
236,11,50
237,11,48
238,12,46
239,12,45
240,12,45
241,12,47
242,11,46
243,11,47
244,11,46
245,11,46
246,10,43
247,10,44
248,10,44
249,9,44
250,9,43
251,9,42
252,9,42
253,8,42
254,8,44
255,8,46
256,8,49
257,7,48
258,7,50
259,8,50
260,8,49
261,8,48
262,8,47
263,8,46
264,8,42
265,8,45
266,8,45
267,8,45
268,8,45
269,8,46
270,8,49
271,8,48
272,7,46
273,7,46
274,7,47
275,7,47
276,7,46
277,7,45
278,7,43
279,7,41
280,7,41
281,7,41
282,7,40
283,7,39
284,7,38
285,7,37
286,6,37
287,6,37
288,6,38
289,6,39
290,6,37
291,6,37
292,6,37
293,6,36
294,6,37
295,6,39
296,6,35
297,6,33
298,6,33
299,5,33
300,5,35
301,6,35
302,7,34
303,7,32
304,7,31
305,6,31
306,6,34
307,6,32
308,6,34
309,6,33
310,6,32
311,6,31
312,6,31
313,6,30
314,6,29
315,6,29
316,6,30
317,6,30
318,6,30
319,6,30
320,6,31
321,6,29
322,6,30
323,6,30
324,5,30
325,5,30
326,5,28
327,5,30
328,5,29
329,5,28
330,5,27
331,5,27
332,5,25
333,5,25
334,4,25
335,4,25
336,4,25
337,4,25
338,3,25
339,2,26
340,2,26
341,2,26
342,3,26
343,3,26
344,3,26
345,3,26
346,3,28
347,3,28
348,3,28
349,3,27
350,3,26
351,3,26
352,2,28
353,2,29
354,2,29
355,2,31
356,2,30
357,2,30
358,2,30
359,2,29
360,2,27
361,2,26
362,2,26
363,2,26
364,2,26
365,2,26
366,2,25
367,2,25
368,2,25
369,2,24
370,2,24
371,2,24
372,1,24
373,1,24
374,1,23
375,1,23
376,1,22
377,1,22
378,0,22
379,0,22
380,0,22
381,0,22
382,0,21
383,0,20
384,1,19
385,1,17
386,1,16
387,1,16
388,1,15
389,1,16
390,1,16
391,2,16
392,2,15
393,2,16
394,1,16
395,1,15
396,1,15
397,1,14
398,1,14
399,1,14
400,1,13
401,1,12
402,1,12
403,1,11
404,1,11
405,1,10
406,1,10
407,1,10
408,1,11
409,1,10
410,1,10
411,1,10
412,1,10
413,1,10
414,1,10
415,1,10
416,1,10
417,1,10
418,1,10
419,1,10
420,1,10
421,1,8
422,1,8
423,1,7
424,1,7
425,1,7
426,1,6
427,1,6
428,1,6
429,2,5
430,2,5
431,2,5
432,1,5
433,1,5
434,1,6
435,1,6
436,1,6
437,1,6
438,1,6
439,1,7
440,1,7
441,1,7
442,1,7
443,1,7
444,1,8
445,1,8
446,1,8
447,2,8
448,2,9
449,2,9
450,2,9
451,2,9
452,2,9
453,2,9
454,2,9
455,2,9
456,2,9
457,2,9
458,2,9
459,2,8
460,2,8
461,2,8
462,2,7
463,2,5
464,2,5
465,2,5
466,2,4
467,1,4
468,1,3
469,1,2
470,1,2
471,1,2
472,2,2
473,2,2
474,2,2
475,2,2
476,2,3
477,2,4
478,2,4
479,2,4
480,3,4
481,3,4
482,3,4
483,3,4
484,3,4
485,3,5
486,3,5
487,3,5
488,3,5
489,3,5
490,3,5
491,3,5
492,3,5
493,3,5
494,2,4
495,2,4
496,2,4
497,3,4
498,3,4
499,2,3
500,2,3
501,2,3
502,2,3
503,1,3
504,1,3
505,1,3
506,1,3
507,1,3
508,1,3
509,1,3
510,1,3
511,1,3
512,1,4
513,1,4
514,1,4
515,1,4
516,1,4
517,1,4
518,1,4
519,1,5
520,1,5
521,1,6
522,1,5
523,1,5
524,1,5
525,1,5
526,1,5
527,1,4
528,0,4
529,0,4
530,0,4
531,0,3
532,0,3
533,0,3
534,0,3
535,0,3
536,0,3
537,0,3
